"Original HelpX Location","UUID","Transformed Markdown File"
"/content/help/en/campaign/ACC/configuration/using/business-oriented-apis","bcc928d1-8bb2-430b-a1bd-86c062a30b09","ACC/configuration/using/business-oriented-apis.md"
"/content/help/en/campaign/ACC/configuration/using/target-mapping","915d380a-d50c-4578-b1b8-07d721cd7bd2","ACC/configuration/using/target-mapping.md"
"/content/help/en/campaign/ACC/configuration/using/web-tracking-mode","3bf1690f-881f-460b-9cc2-3afce76f2816","ACC/configuration/using/web-tracking-mode.md"
"/content/help/en/campaign/ACC/configuration/using/structure-of-a-data-schema","b3f3073a-ae90-4401-b7d6-743f75466aae","ACC/configuration/using/structure-of-a-data-schema.md"
"/content/help/en/campaign/ACC/configuration/using/new-field-wizard","f5a39db1-d337-4230-b3b7-dd88066733d2","ACC/configuration/using/new-field-wizard.md"
"/content/help/en/campaign/ACC/configuration/using/setup-stages","0b37b513-1d61-4d3e-bf22-49061f56850f","ACC/configuration/using/setup-stages.md"
"/content/help/en/campaign/ACC/configuration/using/creating-filters","862221ab-7ac4-4fe4-9270-15ebf5101e64","ACC/configuration/using/creating-filters.md"
"/content/help/en/campaign/ACC/configuration/using/schema-characteristics","fcf68969-75b9-48c7-9ea9-0048968cc795","ACC/configuration/using/schema-characteristics.md"
"/content/help/en/campaign/ACC/configuration/using/identifying-a-form","24e7dc2a-1084-4c81-96f0-7a929429702e","ACC/configuration/using/identifying-a-form.md"
"/content/help/en/campaign/ACC/configuration/using/creating-web-tracking-tags","4c542634-08b4-4f63-ad8c-fb6fe63a9928","ACC/configuration/using/creating-web-tracking-tags.md"
"/content/help/en/campaign/ACC/configuration/using/examples-of-schemas-edition","341cbc84-545a-4aa4-8f0e-23332f32bfea","ACC/configuration/using/examples-of-schemas-edition.md"
"/content/help/en/campaign/ACC/configuration/using/anonymous-tracking","ed70d6ab-fb83-4498-90ae-9dfd89161c7e","ACC/configuration/using/anonymous-tracking.md"
"/content/help/en/campaign/ACC/configuration/using/managing-workflows","a4360c7c-2d9b-4aed-be68-299affabd012","ACC/configuration/using/managing-workflows.md"
"/content/help/en/campaign/ACC/configuration/using/edition","434d1109-3d22-4522-8eeb-9233ba2ae7cd","ACC/configuration/using/edition.md"
"/content/help/en/campaign/ACC/configuration/using/about-web-tracking","c1e46e95-537a-4997-ac25-d21c7a4bddd3","ACC/configuration/using/about-web-tracking.md"
"/content/help/en/campaign/ACC/configuration/using/restricting-pii-view","f47cd7f6-d605-4a8b-be94-fdf14bc73427","ACC/configuration/using/restricting-pii-view.md"
"/content/help/en/campaign/ACC/configuration/using/seed-addresses","ef79b8ec-90fe-422f-ae4b-586b939583ed","ACC/configuration/using/seed-addresses.md"
"/content/help/en/campaign/ACC/configuration/using/adding-additional-sql-functions","000d2963-fe5a-44c4-9cba-567dfc95be6d","ACC/configuration/using/adding-additional-sql-functions.md"
"/content/help/en/campaign/ACC/configuration/using/about-navigation-hierarchy","a2514b8a-fd25-4362-aa3a-a824302b54cb","ACC/configuration/using/about-navigation-hierarchy.md"
"/content/help/en/campaign/ACC/configuration/using/creating-a-profile-list-with-a-workflow","3ff70fb3-71db-4dee-b556-48c32f837566","ACC/configuration/using/creating-a-profile-list-with-a-workflow.md"
"/content/help/en/campaign/ACC/configuration/using/configuring-the-interface","4c38cfe7-e830-4586-b562-40d322eb70e8","ACC/configuration/using/configuring-the-interface.md"
"/content/help/en/campaign/ACC/configuration/using/configuration","d52d1337-a16b-44b0-a858-615f11bdbafe","ACC/configuration/using/configuration.md"
"/content/help/en/campaign/ACC/configuration/using/data-oriented-apis","7fb3081d-609c-4500-818e-c6fc19768900","ACC/configuration/using/data-oriented-apis.md"
"/content/help/en/campaign/ACC/configuration/using/web-service-calls","050de19a-e32a-420c-90cf-1999d08cd254","ACC/configuration/using/web-service-calls.md"
"/content/help/en/campaign/ACC/configuration/using/extending-a-schema","537d16cd-f063-4064-9888-d48feef3d711","ACC/configuration/using/extending-a-schema.md"
"/content/help/en/campaign/ACC/configuration/using/inserting-tags-in-your-site","a1cc3a54-2bb0-4282-b729-cab9c82b9e2c","ACC/configuration/using/inserting-tags-in-your-site.md"
"/content/help/en/campaign/ACC/configuration/using/form-structure","3beaacb9-d04c-4f79-b056-420731028bd5","ACC/configuration/using/form-structure.md"
"/content/help/en/campaign/ACC/configuration/using/about-custom-recipient-table","69d293aa-f4f3-4e41-83fe-a859a35ebd10","ACC/configuration/using/about-custom-recipient-table.md"
"/content/help/en/campaign/ACC/configuration/using/soap-methods-in-javascript","4b397f9e-9887-4c38-853d-edf7a0a0dbfd","ACC/configuration/using/soap-methods-in-javascript.md"
"/content/help/en/campaign/ACC/configuration/using/regenerating-schemas","a9a53320-6bbd-4a75-80b0-75a93ed1c7e7","ACC/configuration/using/regenerating-schemas.md"
"/content/help/en/campaign/ACC/configuration/using/additional-parameters","9c9a5736-7e38-4c46-a992-c6c621cca41c","ACC/configuration/using/additional-parameters.md"
"/content/help/en/campaign/ACC/configuration/using/updating-the-database-structure","52b2caa8-4cde-4a97-b957-0acbdc8a9083","ACC/configuration/using/updating-the-database-structure.md"
"/content/help/en/campaign/ACC/configuration/using/data-schemas","56004fe7-426e-4330-9b93-eaadedb3c4ba","ACC/configuration/using/data-schemas.md"
"/content/help/en/campaign/ACC/configuration/using/implementing-soap-methods","91971e31-5aaf-4f3f-8bbc-bbf5415ace66","ACC/configuration/using/implementing-soap-methods.md"
"/content/help/en/campaign/ACC/configuration/using/schema-of-an-existing-table","a563d4f1-dca7-4489-addf-f0a0d032645c","ACC/configuration/using/schema-of-an-existing-table.md"
"/content/help/en/campaign/ACC/configuration/using/managing-reports","d91096aa-63a2-4d00-9eb5-e59fccf59cb3","ACC/configuration/using/managing-reports.md"
"/content/help/en/campaign/ACC/configuration/using/about-web-services","084ff1e2-528b-4f20-ba00-5587d46c68d2","ACC/configuration/using/about-web-services.md"
"/content/help/en/campaign/ACC/configuration/using/filtering-schemas","81898454-f2b5-4302-868b-bf5efdd3ff40","ACC/configuration/using/filtering-schemas.md"
"/content/help/en/campaign/ACC/configuration/using/collecting-all-visits","62b3c765-410d-46bf-bf72-4be917fb2917","ACC/configuration/using/collecting-all-visits.md"
"/content/help/en/campaign/ACC/configuration/using/editing-forms","d286abab-8f26-466a-bbfa-c110556e6381","ACC/configuration/using/editing-forms.md"
"/content/help/en/campaign/ACC/social/using/tracking","3baa32f8-cca5-43ca-be67-4b49eeaaebf2","ACC/social/using/tracking.md"
"/content/help/en/campaign/ACC/social/using/overview","fe70b8fa-3bde-4b80-bbda-fea03a22f7cb","ACC/social/using/overview.md"
"/content/help/en/campaign/ACC/social/using/starting-workflows","f91f176d-c7b7-40f6-9c76-d934c4be11c5","ACC/social/using/starting-workflows.md"
"/content/help/en/campaign/ACC/social/using/configuring-publishing-on-twitter","852db34b-de2d-4076-9ce9-9e496365f2f6","ACC/social/using/configuring-publishing-on-twitter.md"
"/content/help/en/campaign/ACC/social/using/publishing-on-facebook","c0aabbae-e9b2-4b6e-81be-18835b303fef","ACC/social/using/publishing-on-facebook.md"
"/content/help/en/campaign/ACC/social/using/creating-a-facebook-application","d9ace3dd-cf3f-4118-b751-727ca542189f","ACC/social/using/creating-a-facebook-application.md"
"/content/help/en/campaign/ACC/social/using/publishing-on-twitter","5bf5d30f-35dc-45c4-84cd-19e4f550b383","ACC/social/using/publishing-on-twitter.md"
"/content/help/en/campaign/ACC/social/using/examples-of-facebook-apps","4f45e068-3925-4880-a708-932298013ce3","ACC/social/using/examples-of-facebook-apps.md"
"/content/help/en/campaign/ACC/social/using/publishing-on-facebook-walls","51a1fbca-f4a8-42a2-8afb-accd385000a6","ACC/social/using/publishing-on-facebook-walls.md"
"/content/help/en/campaign/ACC/social/using/about-social-marketing","e71c5345-ea49-49b4-9ed5-69db5c519580","ACC/social/using/about-social-marketing.md"
"/content/help/en/campaign/ACC/migration/using/specific-configurations-in-v5_11","b96774f2-92b4-45a3-a299-aafb7f8411a8","ACC/migration/using/specific-configurations-in-v5_11.md"
"/content/help/en/campaign/ACC/migration/using/specific-configurations-in-v6_10","3864ec7e-8d87-477b-ae78-9e9634617026","ACC/migration/using/specific-configurations-in-v6_10.md"
"/content/help/en/campaign/ACC/migration/using/restoring-v5_11","e956f32f-e92d-4c06-9296-1ff5251c4468","ACC/migration/using/restoring-v5_11.md"
"/content/help/en/campaign/ACC/migration/using/general-configurations","7a5945e5-0051-4242-be00-20655972e115","ACC/migration/using/general-configurations.md"
"/content/help/en/campaign/ACC/migration/using/restoring-v6_1","b020fc9d-16ec-4fbe-bdac-fef98107fa77","ACC/migration/using/restoring-v6_1.md"
"/content/help/en/campaign/ACC/migration/using/specific-configurations-in-v6_02","b387ef62-cbac-4618-a9b7-082610b8c816","ACC/migration/using/specific-configurations-in-v6_02.md"
"/content/help/en/campaign/ACC/migration/using/about-rollback","9734a1a3-a43a-4195-bccb-c15eb7d687bb","ACC/migration/using/about-rollback.md"
"/content/help/en/campaign/ACC/migration/using/restoring-v6_02","c3194499-87ec-4296-af04-46b24f7d2f4f","ACC/migration/using/restoring-v6_02.md"
"/content/help/en/campaign/ACC/integrations/using/implementing-ims","426151f6-aeff-4659-a4d8-506f782d04da","ACC/integrations/using/implementing-ims.md"
"/content/help/en/campaign/ACC/integrations/using/configuring-the-integration","b4f78b14-b5c3-483f-bd73-582874c4b7d1","ACC/integrations/using/configuring-the-integration.md"
"/content/help/en/campaign/ACC/integrations/using/synchronizing-profiles","e657b145-c8cd-4f07-b64b-10c57879cca2","ACC/integrations/using/synchronizing-profiles.md"
"/content/help/en/campaign/ACC/integrations/using/sharing-audiences-with-adobe-experience-cloud","6a026dd8-83f5-4da6-bba8-3a55a03e9324","ACC/integrations/using/sharing-audiences-with-adobe-experience-cloud.md"
"/content/help/en/campaign/ACC/integrations/using/ims-troubleshooting","92f5be81-6121-4397-94ba-a83a5a19aa7f","ACC/integrations/using/ims-troubleshooting.md"
"/content/help/en/campaign/ACC/integrations/using/synchronizing-audiences","4b001aef-b244-46e5-a8a5-98623a225ade","ACC/integrations/using/synchronizing-audiences.md"
"/content/help/en/campaign/ACC/integrations/using/sharing-assets-with-adobe-experience-cloud","173ffbf2-3fac-4d2b-b2a8-fa9b199f5772","ACC/integrations/using/sharing-assets-with-adobe-experience-cloud.md"
"/content/help/en/campaign/ACC/integrations/using/synchronizing-web-applications","ab453d1d-9ed3-49a2-8c27-0a84d90a249b","ACC/integrations/using/synchronizing-web-applications.md"
"/content/help/en/campaign/ACC/integrations/using/integrating-with-adobe-target","b4ddb785-9f3d-4366-a0e9-400fa0bda952","ACC/integrations/using/integrating-with-adobe-target.md"
"/content/help/en/campaign/ACC/integrations/using/configuring-ims","c7b08dbe-1320-4d44-8ae3-b7287357f7d8","ACC/integrations/using/configuring-ims.md"
"/content/help/en/campaign/ACC/integrations/using/about-adobe-experience-manager","e326d148-1958-4eb4-9e3c-c2c8f42452b7","ACC/integrations/using/about-adobe-experience-manager.md"
"/content/help/en/campaign/ACC/integrations/using/acs-connector-principles-and-data-cycle","0455a5a7-3951-44fb-a91f-2ce532bbcd66","ACC/integrations/using/acs-connector-principles-and-data-cycle.md"
"/content/help/en/campaign/ACC/integrations/using/configuring-shared-audiences-integration-in-adobe-campaign","e60df775-58df-43b8-ba02-5d3e25b8b349","ACC/integrations/using/configuring-shared-audiences-integration-in-adobe-campaign.md"
"/content/help/en/campaign/ACC/integrations/using/about-adobe-id","7771006f-72ac-416c-8367-cb4160ba6cf2","ACC/integrations/using/about-adobe-id.md"
"/content/help/en/campaign/ACC/integrations/using/about-campaign-integrations","77c4560b-85fe-4d09-84b1-6f9748a9e00c","ACC/integrations/using/about-campaign-integrations.md"
"/content/help/en/campaign/ACC/integrations/using/importing-and-exporting-audiences","bf6c575c-9491-4905-9b98-8ba6397d62e8","ACC/integrations/using/importing-and-exporting-audiences.md"
"/content/help/en/campaign/ACC/integrations/using/troubleshooting-the-acs-connector","e80c171f-f18d-4a08-b014-379a730cdf96","ACC/integrations/using/troubleshooting-the-acs-connector.md"
"/content/help/en/campaign/ACC/integrations/using/creating-an-experience-manager-newsletter","eb0fe87f-8d3c-4b40-84a5-11c586f3bdb8","ACC/integrations/using/creating-an-experience-manager-newsletter.md"
"/content/help/en/campaign/ACC/integrations/using/troubleshooting","86187401-565c-4960-b752-37dedbc3d2b3","ACC/integrations/using/troubleshooting.md"
"/content/help/en/campaign/ACC/integrations/using/configuring-access-to-assets","6f4c41cb-5cf2-445b-97d8-c6ba463e01b3","ACC/integrations/using/configuring-access-to-assets.md"
"/content/help/en/campaign/ACC/integrations/using/inserting-a-dynamic-image","09a0a787-909a-4686-9f8d-b19d11c8af04","ACC/integrations/using/inserting-a-dynamic-image.md"
"/content/help/en/campaign/ACC/integrations/using/configuring-the-integration-with-adobe-target","2388298c-209f-45b2-af85-02a47b80b7e9","ACC/integrations/using/configuring-the-integration-with-adobe-target.md"
"/content/help/en/campaign/ACC/integrations/using/inserting-a-shared-asset","e8010d15-1f14-48f1-820a-a6fc5ee89212","ACC/integrations/using/inserting-a-shared-asset.md"
"/content/help/en/campaign/ACC/integrations/using/submitting-request-to-adobe","35fbb1df-36c7-48ed-a691-cd356c0d6205","ACC/integrations/using/submitting-request-to-adobe.md"
"/content/help/en/campaign/ACC/message-center/using/introduction","fa0f21f8-6b78-4c96-b6c1-01a47e6ec785","ACC/message-center/using/introduction.md"
"/content/help/en/campaign/ACC/message-center/using/personalization-data","9607680b-46fc-4a6c-a55d-8a5511fd7952","ACC/message-center/using/personalization-data.md"
"/content/help/en/campaign/ACC/message-center/using/creating-message-content","a7877bae-c76f-46f4-8973-7ebe8fab083d","ACC/message-center/using/creating-message-content.md"
"/content/help/en/campaign/ACC/message-center/using/template-publication","2bb87937-9f82-4c6d-9893-e53bf5b68ffd","ACC/message-center/using/template-publication.md"
"/content/help/en/campaign/ACC/message-center/using/implementation","63141c30-9a95-44cf-bdac-21599a0ac992","ACC/message-center/using/implementation.md"
"/content/help/en/campaign/ACC/message-center/using/message-center-service-level","38118f9b-bc4e-43d6-8f4b-6ebf54ed6fcf","ACC/message-center/using/message-center-service-level.md"
"/content/help/en/campaign/ACC/message-center/using/routing-towards-a-template","b00fd891-27ec-427b-835f-09f854c6728b","ACC/message-center/using/routing-towards-a-template.md"
"/content/help/en/campaign/ACC/message-center/using/important-notes","d03a1152-8ed1-4e15-bb88-bfcf9b471fae","ACC/message-center/using/important-notes.md"
"/content/help/en/campaign/ACC/message-center/using/managing-seed-addresses-in-transactional-messages","05b566d2-1212-4fed-a9a0-d0467558ca95","ACC/message-center/using/managing-seed-addresses-in-transactional-messages.md"
"/content/help/en/campaign/ACC/message-center/using/purpose","3ca2afc9-a4e8-4a0c-81e6-bb8f75d423eb","ACC/message-center/using/purpose.md"
"/content/help/en/campaign/ACC/message-center/using/about-event-processing","6548f828-af2b-4e9a-88cf-c7b7ce513a70","ACC/message-center/using/about-event-processing.md"
"/content/help/en/campaign/ACC/message-center/using/identifying-execution-instances","b7c2bfa2-723b-4dc1-b673-96e7f81305e0","ACC/message-center/using/identifying-execution-instances.md"
"/content/help/en/campaign/ACC/message-center/using/message-center-processing-time","b50c5b94-71f0-4dda-a0b6-2b55ad90cc43","ACC/message-center/using/message-center-processing-time.md"
"/content/help/en/campaign/ACC/message-center/using/event-collection","fe601f3d-477f-4a93-8a9c-ad907a9ca15e","ACC/message-center/using/event-collection.md"
"/content/help/en/campaign/ACC/message-center/using/creating-the-message-template","15a9e659-1b1c-4c82-93f7-7a7f2e10ff20","ACC/message-center/using/creating-the-message-template.md"
"/content/help/en/campaign/ACC/message-center/using/creating-a-shared-connection","8b28fc73-f770-48e9-bf17-5d78e08cf434","ACC/message-center/using/creating-a-shared-connection.md"
"/content/help/en/campaign/ACC/message-center/using/sending-a-proof","932ac047-4342-4933-a98a-f9f057bf6ab9","ACC/message-center/using/sending-a-proof.md"
"/content/help/en/campaign/ACC/message-center/using/transactional-message-preview","e221abaa-3e87-4751-8141-28e3488a3124","ACC/message-center/using/transactional-message-preview.md"
"/content/help/en/campaign/ACC/message-center/using/purging-events","d32c1acf-cce6-4a64-b5e5-6424e97cb070","ACC/message-center/using/purging-events.md"
"/content/help/en/campaign/ACC/message-center/using/delivery-execution","663a9a1c-0c15-4721-884a-01ae832ef6f7","ACC/message-center/using/delivery-execution.md"
"/content/help/en/campaign/ACC/message-center/using/about-transactional-messaging","5b0c60b6-f2ca-406c-a295-8cea3eb09cad","ACC/message-center/using/about-transactional-messaging.md"
"/content/help/en/campaign/ACC/message-center/using/transactional-messaging-architecture","24677d19-c63c-4483-abd2-fd251e27d24f","ACC/message-center/using/transactional-messaging-architecture.md"
"/content/help/en/campaign/ACC/message-center/using/event-description","6f970eac-33f3-4201-8d19-45184b20b771","ACC/message-center/using/event-description.md"
"/content/help/en/campaign/ACC/message-center/using/creating-event-types","29fa5f5c-89aa-49b1-8b51-9c7c4a0bc916","ACC/message-center/using/creating-event-types.md"
"/content/help/en/campaign/ACC/message-center/using/history-of-message-center-events","cbb52314-2f03-4e11-b73b-4cf275bce1e4","ACC/message-center/using/history-of-message-center-events.md"
"/content/help/en/campaign/ACC/message-center/using/about-transactional-messaging-reports","bf79df38-e2f8-4912-855f-6100aafc13dc","ACC/message-center/using/about-transactional-messaging-reports.md"
"/content/help/en/campaign/ACC/message-center/using/event-recycling","5bc01670-7b98-4d6f-bdca-b4c9f9128e7e","ACC/message-center/using/event-recycling.md"
"/content/help/en/campaign/ACC/message-center/using/configuring-multibranding","7a68aec8-75e2-4f23-9ebe-14d078aba8ba","ACC/message-center/using/configuring-multibranding.md"
"/content/help/en/campaign/ACC/message-center/using/technical-workflows","338689ad-082b-40e9-a0fa-a79ce6f9689f","ACC/message-center/using/technical-workflows.md"
"/content/help/en/campaign/ACC/message-center/using/monitoring-thresholds","e82dd6c0-5c22-4bf5-899b-79eb1a7a2de6","ACC/message-center/using/monitoring-thresholds.md"
"/content/help/en/campaign/ACC/configuration/using/database-mapping","f727f5e4-2d59-4ad5-8fe1-0887bc1fc819","ACC/configuration/using/database-mapping.md"
"/content/help/en/campaign/ACC/configuration/using/about-schema-edition","dd251813-8af0-4f87-a9da-86cc1d3ef34a","ACC/configuration/using/about-schema-edition.md"
"/content/help/en/campaign/ACC/configuration/using/schema-structure","12d02989-d7a6-49fe-8511-27ef3722ae28","ACC/configuration/using/schema-structure.md"
"/content/help/en/campaign/ACC/configuration/using/about-schema-reference","29418ae8-2431-40a9-8d06-e780a3dad6ec","ACC/configuration/using/about-schema-reference.md"
"/content/help/en/campaign/ACC/web/using/configuring-surveys","440675be-a5c0-4a84-b826-d27744221a32","ACC/web/using/configuring-surveys.md"
"/content/help/en/campaign/ACC/web/using/publish--track-and-use-collected-data","26c01206-0cef-4287-8174-6050f786ea0a","ACC/web/using/publish--track-and-use-collected-data.md"
"/content/help/en/campaign/ACC/web/using/using-a-web-form-template","8c526147-fb9b-4cba-bdcf-0bd4d84f7838","ACC/web/using/using-a-web-form-template.md"
"/content/help/en/campaign/ACC/web/using/publishing-a-web-form","e2c868d9-1df3-462b-b7d6-c9a947ccae50","ACC/web/using/publishing-a-web-form.md"
"/content/help/en/campaign/ACC/web/using/translating-a-web-form","85249135-97a8-43a0-adee-af1ae87f1acd","ACC/web/using/translating-a-web-form.md"
"/content/help/en/campaign/ACC/web/using/managing-answers","f4ecd087-c8b0-4def-b70f-a78c86a04478","ACC/web/using/managing-answers.md"
"/content/help/en/campaign/ACC/web/using/defining-web-forms-properties","a7c94bd6-6b1c-45be-819b-de4eed8fb3b9","ACC/web/using/defining-web-forms-properties.md"
"/content/help/en/campaign/ACC/web/using/defining-web-forms-page-sequencing","b789ebf8-d772-441b-a4b9-d4b5d48c6698","ACC/web/using/defining-web-forms-page-sequencing.md"
"/content/help/en/campaign/ACC/web/using/defining-web-forms-layout","312610a6-f6af-4e36-a615-e351cfae2f53","ACC/web/using/defining-web-forms-layout.md"
"/content/help/en/campaign/ACC/web/using/building-a-survey","5a945249-7b9d-46c0-a0f1-4dbe040a885c","ACC/web/using/building-a-survey.md"
"/content/help/en/campaign/ACC/web/using/adding-fields-to-a-web-form","15e01eb3-5295-4260-b294-a750334af64c","ACC/web/using/adding-fields-to-a-web-form.md"
"/content/help/en/campaign/ACC/web/using/about-web-forms","5bd92b70-2be5-4271-b25c-5a2c94ad04b6","ACC/web/using/about-web-forms.md"
"/content/help/en/campaign/ACC/web/using/form-rendering","12456d89-6cd4-4012-a94a-fd58b8cb8872","ACC/web/using/form-rendering.md"
"/content/help/en/campaign/ACC/web/using/about-surveys","4617e386-8052-4852-ac6e-872b09267ed9","ACC/web/using/about-surveys.md"
"/content/help/en/campaign/ACC/web/using/static-elements-in-a-web-form","0ef4d382-0a15-47dc-b3f6-4d7e07f19028","ACC/web/using/static-elements-in-a-web-form.md"
"/content/help/en/campaign/ACC/web/using/web-forms-answers","f8f689ab-b1a4-4f37-8a70-65087fed4fb2","ACC/web/using/web-forms-answers.md"
"/content/help/en/campaign/ACC/web/using/use-cases--web-forms","dc746910-bec9-4275-9906-425231db6310","ACC/web/using/use-cases--web-forms.md"
"/content/help/en/campaign/ACC/web/using/getting-started-with-surveys","14e87505-89c2-45d1-b998-0ff4444440a6","ACC/web/using/getting-started-with-surveys.md"
"/content/help/en/campaign/ACC/web/using/use-case--creating-a-refer-a-friend-form","1c3e33ad-23fe-46ae-bb85-ed3403b9acf2","ACC/web/using/use-case--creating-a-refer-a-friend-form.md"
"/content/help/en/campaign/ACC/rn/using/legacy-release-notes","7ba564b7-bb75-4f61-baef-b13b4baab1a2","ACC/rn/using/legacy-release-notes.md"
"/content/help/en/campaign/ACC/rn/using/release-18_4_4---build-8936","7abd5046-b7d1-46f5-bbea-4e93ba4f2ccf","ACC/rn/using/release-18_4_4---build-8936.md"
"/content/help/en/campaign/ACC/rn/using/release-18_10_5---build-8984","61e71410-51e3-4055-af40-ef6c9fd041f1","ACC/rn/using/release-18_10_5---build-8984.md"
"/content/help/en/campaign/ACC/rn/using/release-18_6_2---build-8949","6982fb86-21a7-4151-8da4-2cba1be1d035","ACC/rn/using/release-18_6_2---build-8949.md"
"/content/help/en/campaign/ACC/rn/using/release-19_1_2---build-9029","9023cd4f-29f4-44fc-866b-f2f0cf6ee6d5","ACC/rn/using/release-19_1_2---build-9029.md"
"/content/help/en/campaign/ACC/rn/using/release-18_10_2---build-8978","6fae3985-4e7a-46c7-b1d5-825ef59a5a23","ACC/rn/using/release-18_10_2---build-8978.md"
"/content/help/en/campaign/ACC/rn/using/release-18_4_5---build-8937","75f06a18-9673-4d6e-81fc-94e89e4a43d1","ACC/rn/using/release-18_4_5---build-8937.md"
"/content/help/en/campaign/ACC/rn/using/release-18_4_2---build-8932","dbc5ea15-7557-4e6c-a726-9dcafc720a54","ACC/rn/using/release-18_4_2---build-8932.md"
"/content/help/en/campaign/ACC/rn/using/release-18_10_3---build-8981","c12ddeec-4131-4d41-b804-c3649249efdf","ACC/rn/using/release-18_10_3---build-8981.md"
"/content/help/en/campaign/ACC/rn/using/release-19_1---build-9026","cd1546e3-4272-4619-b593-ddaba03057ab","ACC/rn/using/release-19_1---build-9026.md"
"/content/help/en/campaign/ACC/rn/using/release-18_10---build-8977","53f6df40-1def-4780-b4b3-78da523366c9","ACC/rn/using/release-18_10---build-8977.md"
"/content/help/en/campaign/ACC/rn/using/release-18_4---build-8931","c0f2db7c-1dc0-463c-9fb5-80dc682d44e1","ACC/rn/using/release-18_4---build-8931.md"
"/content/help/en/campaign/ACC/rn/using/release-18_4_3---build-8935","eb571db7-3afb-49cc-bc92-4184e61fdd2b","ACC/rn/using/release-18_4_3---build-8935.md"
"/content/help/en/campaign/ACC/rn/using/release-18_6---build-8947","0d9520ec-c6e6-444d-83a5-05dbe7135f5a","ACC/rn/using/release-18_6---build-8947.md"
"/content/help/en/campaign/ACC/rn/using/release-18_10_4---build-8983","d663cb48-87a0-4f8a-a286-693699e5bcc4","ACC/rn/using/release-18_10_4---build-8983.md"
"/content/help/en/campaign/ACC/campaign/using/setting-up-marketing-campaigns","8b804ad9-3e69-4e41-805d-f2e553df96d2","ACC/campaign/using/setting-up-marketing-campaigns.md"
"/content/help/en/campaign/ACC/campaign/using/accessing-marketing-campaigns","52fe6108-efa9-45d8-8895-c716f33f753f","ACC/campaign/using/accessing-marketing-campaigns.md"
"/content/help/en/campaign/ACC/campaign/using/designing-marketing-campaigns","63c1838b-44db-4c3a-9264-9c3ab6709427","ACC/campaign/using/designing-marketing-campaigns.md"
"/content/help/en/campaign/ACC/campaign/using/providers--stocks-and-budgets","db2e1e37-0b67-492c-9508-fd98ce1005a8","ACC/campaign/using/providers--stocks-and-budgets.md"
"/content/help/en/campaign/ACC/campaign/using/control-rules","80a0ce92-7997-4d61-91bd-398832d75d1a","ACC/campaign/using/control-rules.md"
"/content/help/en/campaign/ACC/campaign/using/managing-marketing-resources","abaf6e89-604f-4f91-b7b0-9a5dcf6f1d38","ACC/campaign/using/managing-marketing-resources.md"
"/content/help/en/campaign/ACC/campaign/using/about-response-manager","16b7bd0a-e484-46f0-9572-3201fcaa750e","ACC/campaign/using/about-response-manager.md"
"/content/help/en/campaign/ACC/campaign/using/hypothesis-tracking","65be7257-9cfe-4e5b-ae7b-5bff646d2737","ACC/campaign/using/hypothesis-tracking.md"
"/content/help/en/campaign/ACC/campaign/using/controlling-costs","ee3eda64-b116-4be8-b889-a267cd06708f","ACC/campaign/using/controlling-costs.md"
"/content/help/en/campaign/ACC/campaign/using/about-campaign-typologies","686200e4-7f76-420d-ad91-f5c8ed0af41d","ACC/campaign/using/about-campaign-typologies.md"
"/content/help/en/campaign/ACC/campaign/using/accessing-campaigns","ad7543c3-4773-4632-ae1b-ba743e820fe3","ACC/campaign/using/accessing-campaigns.md"
"/content/help/en/campaign/ACC/campaign/using/discussion-forums","534dc442-8cb9-4cff-8c08-49e9b924b7ac","ACC/campaign/using/discussion-forums.md"
"/content/help/en/campaign/ACC/campaign/using/creating-and-managing-tasks","3c5320d7-539d-4897-aa53-eb56ac7a7d99","ACC/campaign/using/creating-and-managing-tasks.md"
"/content/help/en/campaign/ACC/campaign/using/configuration","3187f7d2-a12e-4138-8f92-58db5b0c480f","ACC/campaign/using/configuration.md"
"/content/help/en/campaign/ACC/campaign/using/campaign-simulations","f89abc63-575b-4067-9aa5-5ac169c45c83","ACC/campaign/using/campaign-simulations.md"
"/content/help/en/campaign/ACC/campaign/using/publishing-the-campaign-package","d8598040-fdb3-461a-908d-6d0526f85b4e","ACC/campaign/using/publishing-the-campaign-package.md"
"/content/help/en/campaign/ACC/campaign/using/consistency-rules","e1d0243b-188b-4471-8912-2d89a9d8db4a","ACC/campaign/using/consistency-rules.md"
"/content/help/en/campaign/ACC/campaign/using/creating-hypotheses","b3b7fe2b-ab76-42e7-8a35-e47a7c0211f6","ACC/campaign/using/creating-hypotheses.md"
"/content/help/en/campaign/ACC/campaign/using/about-marketing-resource-management","d6fb8943-d418-4ef8-867c-1e261bab7724","ACC/campaign/using/about-marketing-resource-management.md"
"/content/help/en/campaign/ACC/campaign/using/pressure-rules","affa7db1-72e0-4c28-ac1b-ced4ccd1967d","ACC/campaign/using/pressure-rules.md"
"/content/help/en/campaign/ACC/campaign/using/creating-a-local-campaign","fe86a129-a812-4036-97bc-db328e02f93d","ACC/campaign/using/creating-a-local-campaign.md"
"/content/help/en/campaign/ACC/campaign/using/hypothesis-templates","d1ea9924-2272-4864-b34c-505a72c0808a","ACC/campaign/using/hypothesis-templates.md"
"/content/help/en/campaign/ACC/campaign/using/creating-a-collaborative-campaign","0ae7ad37-2f90-4a4f-b6da-c6023c113e11","ACC/campaign/using/creating-a-collaborative-campaign.md"
"/content/help/en/campaign/ACC/campaign/using/filtering-rules","f3f957ec-a881-4eb9-be43-08e3fac71fe6","ACC/campaign/using/filtering-rules.md"
"/content/help/en/campaign/ACC/campaign/using/examples","3668268b-aeca-4f4b-a74e-c06c24e4ab86","ACC/campaign/using/examples.md"
"/content/help/en/campaign/ACC/campaign/using/applying-rules","ee765229-bb36-4f63-b2a4-d1095ad09aad","ACC/campaign/using/applying-rules.md"
"/content/help/en/campaign/ACC/campaign/using/tracking-a-campaign","9f087b7b-d331-44b1-ab46-4f6b1a8aa760","ACC/campaign/using/tracking-a-campaign.md"
"/content/help/en/campaign/ACC/campaign/using/about-distributed-marketing","752ab95e-33d2-497a-9c60-97517458db1c","ACC/campaign/using/about-distributed-marketing.md"
"/content/help/en/campaign/ACC/workflow/using/importing-data","546a3ca9-cb06-4277-9577-6869a5b656a8","ACC/workflow/using/importing-data.md"
"/content/help/en/campaign/ACC/workflow/using/about-activities","bf8df19a-1dcb-4d3a-b072-4096eb0782ef","ACC/workflow/using/about-activities.md"
"/content/help/en/campaign/ACC/workflow/using/targeting-data","de9f8aae-e70e-45e4-86f8-dcf708c65b96","ACC/workflow/using/targeting-data.md"
"/content/help/en/campaign/ACC/workflow/using/about-workflows","dda4799d-d1f7-43f7-b64f-aa4fb646df28","ACC/workflow/using/about-workflows.md"
"/content/help/en/campaign/ACC/workflow/using/building-a-workflow","212c5c13-5315-4e16-b61a-a05553fb6b23","ACC/workflow/using/building-a-workflow.md"
"/content/help/en/campaign/ACC/production/using/log-files","9387bfbc-4f88-4950-a1b4-69417eb215c5","ACC/production/using/log-files.md"
"/content/help/en/campaign/ACC/production/using/rdbms-specific-recommendations","b156875f-bfac-4a51-a29c-726ed043d2b9","ACC/production/using/rdbms-specific-recommendations.md"
"/content/help/en/campaign/ACC/production/using/duplicating-environments","9a4a3da1-273f-448c-88bd-7e176e3866bd","ACC/production/using/duplicating-environments.md"
"/content/help/en/campaign/ACC/production/using/types-of-maintenance","c284a1ea-d37a-4c02-9f9a-214e622d21f2","ACC/production/using/types-of-maintenance.md"
"/content/help/en/campaign/ACC/production/using/migration-procedures","5f9eb220-0aa4-4b93-b1a1-8713feb55ae4","ACC/production/using/migration-procedures.md"
"/content/help/en/campaign/ACC/production/using/operating-principle","29887034-ead9-4e5b-b8db-cac1d00006d4","ACC/production/using/operating-principle.md"
"/content/help/en/campaign/ACC/production/using/monitoring-processes","86dff765-6dbe-464d-a14f-131378c1f3be","ACC/production/using/monitoring-processes.md"
"/content/help/en/campaign/ACC/production/using/restoration","f540bcb5-5be3-4612-8006-8e376279a6d0","ACC/production/using/restoration.md"
"/content/help/en/campaign/ACC/production/using/introduction","d8109f7d-0d2a-423d-9c10-77a0e53d7a97","ACC/production/using/introduction.md"
"/content/help/en/campaign/ACC/production/using/connection-thresholds","d61e8692-a265-46e9-bc2d-bf4048f1b06a","ACC/production/using/connection-thresholds.md"
"/content/help/en/campaign/ACC/production/using/performance-and-throughput-issues","64db2019-4095-46b2-9125-309f0eefd9e6","ACC/production/using/performance-and-throughput-issues.md"
"/content/help/en/campaign/ACC/production/using/workflow-execution","9fc13bde-bee0-4b21-9980-91569293e0a7","ACC/production/using/workflow-execution.md"
"/content/help/en/campaign/ACC/production/using/database-cleanup-workflow","ccc2670d-492e-4bf0-b0b2-572073585ebf","ACC/production/using/database-cleanup-workflow.md"
"/content/help/en/campaign/ACC/production/using/foreword","a50496a7-19d5-46ea-a0b7-8737fc3982c7","ACC/production/using/foreword.md"
"/content/help/en/campaign/ACC/production/using/images-missing","49bf0dcc-f8d5-47ec-9d85-12351bf1a0a8","ACC/production/using/images-missing.md"
"/content/help/en/campaign/ACC/production/using/database-performances","e605a9e4-e548-4230-8d75-6a518d662681","ACC/production/using/database-performances.md"
"/content/help/en/campaign/ACC/production/using/usual-commands","b00b10e5-6b42-4324-943d-a9629bce754a","ACC/production/using/usual-commands.md"
"/content/help/en/campaign/ACC/production/using/stack-trace-in-linux","e1d6410c-f2b0-4572-823a-e67dad44e63a","ACC/production/using/stack-trace-in-linux.md"
"/content/help/en/campaign/ACC/production/using/image-display-issues","5edb2430-d053-4266-96ea-14a2510e5cc2","ACC/production/using/image-display-issues.md"
"/content/help/en/campaign/ACC/production/using/log-precision","7ce5016f-d25d-4020-a393-457228907a47","ACC/production/using/log-precision.md"
"/content/help/en/campaign/ACC/production/using/general-architecture","aae030d3-86a4-40b2-b7c8-5b6215966834","ACC/production/using/general-architecture.md"
"/content/help/en/campaign/ACC/production/using/jsp-behavior","afafd744-6d35-435e-9e39-f30b7a65c4aa","ACC/production/using/jsp-behavior.md"
"/content/help/en/campaign/ACC/production/using/console-update","ba249f37-653d-4b90-945f-20f884f02b43","ACC/production/using/console-update.md"
"/content/help/en/campaign/ACC/production/using/recommendations","b2fd460e-82ff-4506-acc0-4164aa734a57","ACC/production/using/recommendations.md"
"/content/help/en/campaign/ACC/production/using/tracking-logs-issues","71214d01-dce8-41d3-aa94-5670ce44c295","ACC/production/using/tracking-logs-issues.md"
"/content/help/en/campaign/ACC/production/using/upgrading","dc17866a-16de-4c4c-a6c4-e32f24e53a4c","ACC/production/using/upgrading.md"
"/content/help/en/campaign/ACC/production/using/application-objects","0f025462-8d62-4ee0-b872-0456c310bc56","ACC/production/using/application-objects.md"
"/content/help/en/campaign/ACC/production/using/configuration","043947c8-8bff-4f7f-870a-52ec0c1c56e3","ACC/production/using/configuration.md"
"/content/help/en/campaign/ACC/production/using/temporary-files","4a6ecb15-1a96-47b2-b093-d835d5be81da","ACC/production/using/temporary-files.md"
"/content/help/en/campaign/ACC/production/using/failure-to-connect","0ec0ef4f-dc78-4e63-b0e9-4d7ab322e847","ACC/production/using/failure-to-connect.md"
"/content/help/en/campaign/ACC/production/using/backup","54545d6b-9f4c-4667-873a-ec024cc6f02a","ACC/production/using/backup.md"
"/content/help/en/campaign/ACC/production/using/switching-to-unicode","851415ad-bfb3-472d-8792-96ce066fd93d","ACC/production/using/switching-to-unicode.md"
"/content/help/en/campaign/ACC/production/using/administration","44ee0876-e032-4160-ae16-79ea1e26a7ba","ACC/production/using/administration.md"
"/content/help/en/campaign/ACC/production/using/modules-and-frequent-issues","eeacafa5-9a69-40f5-a895-8a0f0a4e60ad","ACC/production/using/modules-and-frequent-issues.md"
"/content/help/en/campaign/ACC/production/using/audit-trail","28d1b382-5e29-4ee3-ad8b-7385570dbfae","ACC/production/using/audit-trail.md"
"/content/help/en/campaign/ACC/production/using/lost-password","d430ed98-2887-4274-9e5c-ca879c4c7ebe","ACC/production/using/lost-password.md"
"/content/help/en/campaign/ACC/production/using/encoding-of-the-oracle-database","292d595c-83e9-4770-8a4a-d62c8a9a78b5","ACC/production/using/encoding-of-the-oracle-database.md"
"/content/help/en/campaign/ACC/production/using/tables-to-maintain","c9d8ba45-d3e5-492c-822a-4353b5f63ac1","ACC/production/using/tables-to-maintain.md"
"/content/help/en/campaign/ACC/production/using/configuration-principle","a2e520bf-0560-4198-9f05-6a3496b45567","ACC/production/using/configuration-principle.md"
"/content/help/en/campaign/ACC/web/using/use-cases--creating-overviews","048f6ad3-559d-4364-897f-868873646aaa","ACC/web/using/use-cases--creating-overviews.md"
"/content/help/en/campaign/ACC/web/using/web-application-tracking-opt-out","b7d6581c-fcb1-4cba-bdca-85623a51af25","ACC/web/using/web-application-tracking-opt-out.md"
"/content/help/en/campaign/ACC/web/using/template-management","8ae46a2f-f56d-4316-8662-8acb276d2b21","ACC/web/using/template-management.md"
"/content/help/en/campaign/ACC/web/using/creating-a-landing-page","3a259790-8e31-4558-b014-b71cabfc4399","ACC/web/using/creating-a-landing-page.md"
"/content/help/en/campaign/ACC/web/using/translating-a-web-application","f95ff92f-99d9-4863-b0ab-50dfb038cec5","ACC/web/using/translating-a-web-application.md"
"/content/help/en/campaign/ACC/web/using/use-case--creating-an-email-delivery","e5a37c2e-f8d7-434e-864e-772cbef5f56b","ACC/web/using/use-case--creating-an-email-delivery.md"
"/content/help/en/campaign/ACC/web/using/about-web-applications","d05f8083-6c1f-4e1b-93fb-3f890e813c52","ACC/web/using/about-web-applications.md"
"/content/help/en/campaign/ACC/web/using/content-editor-interface","0a9d0d8f-33ff-4e5e-a694-31c4d19d1419","ACC/web/using/content-editor-interface.md"
"/content/help/en/campaign/ACC/web/using/about-campaign-html-editor","2a79bfce-79f2-43ec-ab14-bd457e44d489","ACC/web/using/about-campaign-html-editor.md"
"/content/help/en/campaign/ACC/web/using/editing-content","d172667f-1659-414b-a581-07d881dea7a0","ACC/web/using/editing-content.md"
"/content/help/en/campaign/ACC/web/using/creating-a-new-web-application","2f71852a-55f0-4e40-8cf3-158f89d174d3","ACC/web/using/creating-a-new-web-application.md"
"/content/help/en/campaign/ACC/web/using/content-editing-best-practices","aee18af0-1dbf-418e-828d-61a46da5d252","ACC/web/using/content-editing-best-practices.md"
"/content/help/en/campaign/ACC/web/using/tracking-a-web-application","c069cb75-0d86-48f6-9b8e-cd403b21c3f5","ACC/web/using/tracking-a-web-application.md"
"/content/help/en/campaign/ACC/web/using/designing-a-web-application","4737d457-31e5-418a-8eb3-d5d0e8338b24","ACC/web/using/designing-a-web-application.md"
"/content/help/en/campaign/ACC/reporting/using/using-the-context","4125f5f6-f1ac-4a8e-9c1a-a876ccc762d3","ACC/reporting/using/using-the-context.md"
"/content/help/en/campaign/ACC/reporting/using/list-of-reports","1601bd25-083c-494f-9239-94b54681ffef","ACC/reporting/using/list-of-reports.md"
"/content/help/en/campaign/ACC/reporting/using/advanced-functionalities","7010e2c4-2f7b-4898-876f-32ffe23ace90","ACC/reporting/using/advanced-functionalities.md"
"/content/help/en/campaign/ACC/reporting/using/about-cubes","b05bd34e-b319-4efa-8d0f-f7b570a22376","ACC/reporting/using/about-cubes.md"
"/content/help/en/campaign/ACC/reporting/using/creating-a-new-report","b135433d-e25e-4eb9-9677-479f0fbf2ca9","ACC/reporting/using/creating-a-new-report.md"
"/content/help/en/campaign/ACC/reporting/using/processing-a-report","4941b53a-07da-4d90-83dd-916d8f4df479","ACC/reporting/using/processing-a-report.md"
"/content/help/en/campaign/ACC/reporting/using/using-the-descriptive-analysis-wizard","1fa9ba7c-9181-47f0-8d21-16e6f4957103","ACC/reporting/using/using-the-descriptive-analysis-wizard.md"
"/content/help/en/campaign/ACC/reporting/using/about-reports-creation-in-campaign","9af6d99d-585c-4dc2-99d6-d29b73dc8181","ACC/reporting/using/about-reports-creation-in-campaign.md"
"/content/help/en/campaign/ACC/reporting/using/using-cubes-to-explore-data","b1412f2f-be59-4e5b-a381-b6f1c5822992","ACC/reporting/using/using-cubes-to-explore-data.md"
"/content/help/en/campaign/ACC/reporting/using/use-cases","ddd279fb-629f-4b55-b8f6-f49da4fdcab5","ACC/reporting/using/use-cases.md"
"/content/help/en/campaign/ACC/reporting/using/reports-on-deliveries","7024f1e9-f51a-4528-84f7-d44847585cf5","ACC/reporting/using/reports-on-deliveries.md"
"/content/help/en/campaign/ACC/reporting/using/configuring-access-to-the-report","86976f36-f9cc-4984-8760-0b052fb07e25","ACC/reporting/using/configuring-access-to-the-report.md"
"/content/help/en/campaign/ACC/reporting/using/use-case--displaying-report-on-answers-to-an-online-survey","9fbbb167-e4db-4158-ac9d-70d8dae72898","ACC/reporting/using/use-case--displaying-report-on-answers-to-an-online-survey.md"
"/content/help/en/campaign/ACC/reporting/using/defining-a-conditional-content","ce2e28c5-c2ea-42ad-8676-c30c69c17003","ACC/reporting/using/defining-a-conditional-content.md"
"/content/help/en/campaign/ACC/reporting/using/creating-indicators","4c1c53bd-3bc5-486f-8821-d5c234d5f329","ACC/reporting/using/creating-indicators.md"
"/content/help/en/campaign/ACC/reporting/using/creating-a-table","adc64e79-63aa-408a-a596-0966422e3043","ACC/reporting/using/creating-a-table.md"
"/content/help/en/campaign/ACC/reporting/using/collecting-data-to-analyze","d6fdc91f-8155-4222-aedf-038fd1f67d3d","ACC/reporting/using/collecting-data-to-analyze.md"
"/content/help/en/campaign/ACC/reporting/using/element-layout","64d86565-6bbb-4526-a4d9-ad10b93379fc","ACC/reporting/using/element-layout.md"
"/content/help/en/campaign/ACC/reporting/using/concepts-and-methodology","0360c79e-4234-4560-86c2-a95cdcbf9d22","ACC/reporting/using/concepts-and-methodology.md"
"/content/help/en/campaign/ACC/reporting/using/actions-on-reports","0c18be16-a563-475f-802b-f223d1a5db80","ACC/reporting/using/actions-on-reports.md"
"/content/help/en/campaign/ACC/reporting/using/properties-of-the-report","98084dc1-f991-4b48-a7cd-d0e2dd837d34","ACC/reporting/using/properties-of-the-report.md"
"/content/help/en/campaign/ACC/reporting/using/about-descriptive-analysis","f5d8a0ad-156e-4d52-ba57-196515dde37c","ACC/reporting/using/about-descriptive-analysis.md"
"/content/help/en/campaign/ACC/reporting/using/creating-a-chart","d0751ca7-1723-4880-a17e-822ccbbaec98","ACC/reporting/using/creating-a-chart.md"
"/content/help/en/campaign/ACC/migration/using/migrating-in-windows-for-adobe-campaign-7","26257750-5b90-4045-8564-2569b6b40935","ACC/migration/using/migrating-in-windows-for-adobe-campaign-7.md"
"/content/help/en/campaign/ACC/migration/using/migrating-in-linux-for-adobe-campaign-v7","d7469641-8b3a-422e-8ad5-a13c7922e938","ACC/migration/using/migrating-in-linux-for-adobe-campaign-v7.md"
"/content/help/en/campaign/ACC/migration/using/configuring-your-platform","4fa85b7f-fe01-4e72-91c6-7f4fddd95d4c","ACC/migration/using/configuring-your-platform.md"
"/content/help/en/campaign/ACC/migration/using/testing-the-migration","f53529c0-91f3-4123-b593-06ece18ce684","ACC/migration/using/testing-the-migration.md"
"/content/help/en/campaign/ACC/migration/using/before-starting-migration","26632315-2984-47de-b832-e665aab2e5dd","ACC/migration/using/before-starting-migration.md"
"/content/help/en/campaign/ACC/migration/using/migration-method","f65eea5a-c1c9-41d0-b708-e940cb2853e0","ACC/migration/using/migration-method.md"
"/content/help/en/campaign/ACC/migration/using/about-migration","03d3be36-f1cc-4ecd-a21a-57d4d5012c35","ACC/migration/using/about-migration.md"
"/content/help/en/campaign/ACC/migration/using/prerequisites-for-migration-to-adobe-campaign-7","647da75b-cd12-4280-b73c-4fd9478e8f35","ACC/migration/using/prerequisites-for-migration-to-adobe-campaign-7.md"
"/content/help/en/campaign/ACC/migration/using/migration-warnings","37640a9b-5233-448a-ae41-dc1ba2e4af5e","ACC/migration/using/migration-warnings.md"
"/content/help/en/campaign/ACC/interaction/using/managing-offer-templates","052e435b-80a7-45df-b260-6450fe88d7bc","ACC/interaction/using/managing-offer-templates.md"
"/content/help/en/campaign/ACC/interaction/using/fundamental-principles","df886ea8-5929-49a4-ae76-27894c4ce162","ACC/interaction/using/fundamental-principles.md"
"/content/help/en/campaign/ACC/interaction/using/glossary","6a5aeb28-eb1c-43f7-be9c-71d089dd1f7d","ACC/interaction/using/glossary.md"
"/content/help/en/campaign/ACC/interaction/using/simulation-scope","3990597f-5e00-4038-b8ce-3d631443abff","ACC/interaction/using/simulation-scope.md"
"/content/help/en/campaign/ACC/interaction/using/interaction-best-practices","14ff57d1-51c3-4260-b519-6666ad10fe6a","ACC/interaction/using/interaction-best-practices.md"
"/content/help/en/campaign/ACC/interaction/using/live-design-environments","3e6f9f61-8dee-4d81-8acd-61c0e581869d","ACC/interaction/using/live-design-environments.md"
"/content/help/en/campaign/ACC/interaction/using/creating-offer-categories","978dcea5-901d-41de-b58c-dce57b268bf2","ACC/interaction/using/creating-offer-categories.md"
"/content/help/en/campaign/ACC/interaction/using/managing-offer-presentation","258858ea-774f-47f9-93be-01f2234c9c7f","ACC/interaction/using/managing-offer-presentation.md"
"/content/help/en/campaign/ACC/interaction/using/about-offers-simulation","fefe8159-ac7f-4afc-a2cd-1a9a279ced51","ACC/interaction/using/about-offers-simulation.md"
"/content/help/en/campaign/ACC/interaction/using/operator-profiles","a1deb655-7adf-4803-9efb-4b06692c4a46","ACC/interaction/using/operator-profiles.md"
"/content/help/en/campaign/ACC/interaction/using/interaction-and-offer-management","47ea59d8-985c-4b00-9219-48ed488e90d8","ACC/interaction/using/interaction-and-offer-management.md"
"/content/help/en/campaign/ACC/interaction/using/integrating-an-offer-via-a-workflow","40f249ed-1d2e-4d73-94e5-9b0713b8e89a","ACC/interaction/using/integrating-an-offer-via-a-workflow.md"
"/content/help/en/campaign/ACC/interaction/using/approving-and-activating-an-offer","c5254f57-c4d6-45d9-804e-eba316ef87f5","ACC/interaction/using/approving-and-activating-an-offer.md"
"/content/help/en/campaign/ACC/interaction/using/offer-catalog-overview","4b9469ba-7797-40ea-98cc-e0fd115e3f38","ACC/interaction/using/offer-catalog-overview.md"
"/content/help/en/campaign/ACC/interaction/using/creating-offer-spaces","be21c2e2-ed37-463d-9439-00ad6363006a","ACC/interaction/using/creating-offer-spaces.md"
"/content/help/en/campaign/ACC/interaction/using/creating-an-offer","c376749a-ecce-4aa8-9000-a07d86ffb577","ACC/interaction/using/creating-an-offer.md"
"/content/help/en/campaign/ACC/interaction/using/integrating-an-offer-via-the-wizard","992ffd6b-5c7b-43b1-9c5e-205cfbdea240","ACC/interaction/using/integrating-an-offer-via-the-wizard.md"
"/content/help/en/campaign/ACC/interaction/using/recommending-a-category","351d7ab1-672d-4e76-98c6-0129f5705c7c","ACC/interaction/using/recommending-a-category.md"
"/content/help/en/campaign/ACC/interaction/using/simulation-tracking","1cd607c4-c1e1-4ea0-a7d0-b36e1ff26167","ACC/interaction/using/simulation-tracking.md"
"/content/help/en/campaign/ACC/interaction/using/about-outbound-channels","3692e08c-3586-48d3-a7a7-064f3c68acd8","ACC/interaction/using/about-outbound-channels.md"
"/content/help/en/campaign/ACC/interaction/using/execution-settings","9eea7fe2-4033-48c3-9229-106e185f0fd9","ACC/interaction/using/execution-settings.md"
"/content/help/en/campaign/ACC/interaction/using/creating-predefined-filters","5dc60cd4-ec8d-48c7-a3c1-b60292c6c779","ACC/interaction/using/creating-predefined-filters.md"
"/content/help/en/campaign/ACC/interaction/using/environments-overview","59f8d2af-cae0-498d-8676-07108b7dca5d","ACC/interaction/using/environments-overview.md"
"/content/help/en/campaign/ACC/interaction/using/implementation-steps","9d31905e-9a7d-4ec4-9a08-67b32c126b25","ACC/interaction/using/implementation-steps.md"
"/content/help/en/campaign/ACC/workflow/using/distributed-marketing","2bd0e794-cb36-4d48-a35d-0e3c8c4925b2","ACC/workflow/using/distributed-marketing.md"
"/content/help/en/campaign/ACC/workflow/using/control-of-offer-engine","c7edd367-9bd6-49d7-8353-fe9f90dec134","ACC/workflow/using/control-of-offer-engine.md"
"/content/help/en/campaign/ACC/workflow/using/marketing-resources--mrm-","7e5120b9-5d2f-4e67-be9d-b7a478fd2226","ACC/workflow/using/marketing-resources--mrm-.md"
"/content/help/en/campaign/ACC/workflow/using/email-deliverability","4f4e0b26-04b0-4b3c-bfcb-a16eb5ac7318","ACC/workflow/using/email-deliverability.md"
"/content/help/en/campaign/ACC/workflow/using/campaign","38f2fc1b-11cd-4422-b1c6-87519bbd4107","ACC/workflow/using/campaign.md"
"/content/help/en/campaign/ACC/workflow/using/transfer-to-mid-sourcing","faadcb81-c541-4d3b-be0b-5987a5e97ddd","ACC/workflow/using/transfer-to-mid-sourcing.md"
"/content/help/en/campaign/ACC/workflow/using/interaction","e076b423-b02c-4a74-94fc-67c7d85206ec","ACC/workflow/using/interaction.md"
"/content/help/en/campaign/ACC/workflow/using/creating-a-summary-list","c8d9fd95-5d3f-42f7-a8b3-a2eb59adf734","ACC/workflow/using/creating-a-summary-list.md"
"/content/help/en/campaign/ACC/workflow/using/email-enrichment-with-custom-date-fields","e139bf70-2be6-4dbb-bfcd-3dcd65d89dea","ACC/workflow/using/email-enrichment-with-custom-date-fields.md"
"/content/help/en/campaign/ACC/workflow/using/web-analytics","b3bbf2d2-b2e5-4fb1-9496-5b3be9b25e56","ACC/workflow/using/web-analytics.md"
"/content/help/en/campaign/ACC/workflow/using/cross-channel-delivery-workflow","3a039e24-9e44-47b3-b5c5-a103a18b41ad","ACC/workflow/using/cross-channel-delivery-workflow.md"
"/content/help/en/campaign/ACC/workflow/using/line-channel","f99cf8c3-6dcc-440a-affa-d1a144c0630e","ACC/workflow/using/line-channel.md"
"/content/help/en/campaign/ACC/workflow/using/mobile-app-channel","98d57c1a-aeda-4c50-8a90-043305c9d33d","ACC/workflow/using/mobile-app-channel.md"
"/content/help/en/campaign/ACC/workflow/using/managing-propensity","7eec7c6b-64f4-4cc4-a62a-d064c8cf95bd","ACC/workflow/using/managing-propensity.md"
"/content/help/en/campaign/ACC/workflow/using/advanced-parameters","8ec869ce-9285-48d3-9c56-9bc7460667db","ACC/workflow/using/advanced-parameters.md"
"/content/help/en/campaign/ACC/workflow/using/designing-queries","5c4ee38a-8690-4518-ad17-aca30d84eb84","ACC/workflow/using/designing-queries.md"
"/content/help/en/campaign/ACC/workflow/using/accessing-an-external-database--fda-","d70ffd63-b977-4901-9d45-741fe4a1408a","ACC/workflow/using/accessing-an-external-database--fda-.md"
"/content/help/en/campaign/ACC/workflow/using/general-data-protection-regulation--gdpr-","ded7ccbe-d5c5-4285-8f3c-d1bf6937a724","ACC/workflow/using/general-data-protection-regulation--gdpr-.md"
"/content/help/en/campaign/ACC/workflow/using/enriching-data","a87f987d-aa91-4a04-960f-6c1d8bb36a8a","ACC/workflow/using/enriching-data.md"
"/content/help/en/campaign/ACC/workflow/using/sending-a-birthday-email","5d8380c7-2ba0-427c-8b23-159685cd329c","ACC/workflow/using/sending-a-birthday-email.md"
"/content/help/en/campaign/ACC/workflow/using/about-technical-workflows","8cba1ee2-c127-49d3-b9d1-1f37c2d4beb4","ACC/workflow/using/about-technical-workflows.md"
"/content/help/en/campaign/ACC/workflow/using/sending-personalized-alerts-to-operators","6c23f572-9b38-40c9-bd2b-466d3136bccb","ACC/workflow/using/sending-personalized-alerts-to-operators.md"
"/content/help/en/campaign/ACC/workflow/using/managing-rights","24d017ab-e396-46d2-a8dd-3ddd663a7f57","ACC/workflow/using/managing-rights.md"
"/content/help/en/campaign/ACC/workflow/using/managing-activity-images","82a9c0af-aa25-4ed1-8192-615817ff1b9a","ACC/workflow/using/managing-activity-images.md"
"/content/help/en/campaign/ACC/workflow/using/sending-a-report-to-a-list","909c3dfa-ba3b-4175-b915-32e37280e8cd","ACC/workflow/using/sending-a-report-to-a-list.md"
"/content/help/en/campaign/ACC/workflow/using/supervising-workflows","ff25bb47-b4d3-4046-bad4-7b6334caa9f0","ACC/workflow/using/supervising-workflows.md"
"/content/help/en/campaign/ACC/workflow/using/managing-time-zones","0deeb710-cf67-4065-baaa-5115a2871094","ACC/workflow/using/managing-time-zones.md"
"/content/help/en/campaign/ACC/workflow/using/social-marketing","ce03543e-27f2-4bc4-8157-14cadd3b417b","ACC/workflow/using/social-marketing.md"
"/content/help/en/campaign/ACC/workflow/using/mid-sourcing-platform","57d26c15-7287-4c62-8b00-09de4ec726c5","ACC/workflow/using/mid-sourcing-platform.md"
"/content/help/en/campaign/ACC/workflow/using/deliveries","ef0f66b6-7cfe-45d8-8a69-1fdec61b6301","ACC/workflow/using/deliveries.md"
"/content/help/en/campaign/ACC/workflow/using/loading-delivery-content","57d4da8a-fffd-49a7-9cfe-08cca59c2e1e","ACC/workflow/using/loading-delivery-content.md"
"/content/help/en/campaign/ACC/workflow/using/integrations-with-adobe-experience-cloud-solutions","39a9dc37-2af3-4f6f-8b28-e579be42c1d5","ACC/workflow/using/integrations-with-adobe-experience-cloud-solutions.md"
"/content/help/en/campaign/ACC/workflow/using/message-center--execution-","a959f78b-f2fd-41df-a479-11c8da8fb7d8","ACC/workflow/using/message-center--execution-.md"
"/content/help/en/campaign/ACC/workflow/using/using-aggregates","e3c0f97a-b1b8-4e93-aa7a-61096b3f855e","ACC/workflow/using/using-aggregates.md"
"/content/help/en/campaign/ACC/workflow/using/a-b-testing","5196b06c-47dc-4726-8943-018b01ef2172","ACC/workflow/using/a-b-testing.md"
"/content/help/en/campaign/ACC/workflow/using/javascript-scripts-and-templates","bf40895e-1466-4194-a419-20024a31b2e4","ACC/workflow/using/javascript-scripts-and-templates.md"
"/content/help/en/campaign/ACC/workflow/using/coordinating-data-updates","7b6981eb-930a-4bf5-af47-e5d39abbd3c4","ACC/workflow/using/coordinating-data-updates.md"
"/content/help/en/campaign/ACC/workflow/using/workflow-properties","c0a48b5f-72ee-4c60-8ad8-401294c9c3cc","ACC/workflow/using/workflow-properties.md"
"/content/help/en/campaign/ACC/workflow/using/deduplication","5fb03a2e-b2d9-4c3f-b1b8-f24cf3cac44c","ACC/workflow/using/deduplication.md"
"/content/help/en/campaign/ACC/workflow/using/sql-code-and-javascript-code","98c63f33-63aa-47f6-999d-c4b10664a4fc","ACC/workflow/using/sql-code-and-javascript-code.md"
"/content/help/en/campaign/ACC/workflow/using/about-targeting-activities","7eaf60bf-d91f-468a-bef4-f5097d0a54f3","ACC/workflow/using/about-targeting-activities.md"
"/content/help/en/campaign/ACC/workflow/using/subscription-services","5dfb314a-fad9-4a2c-ba47-5fa3026f8674","ACC/workflow/using/subscription-services.md"
"/content/help/en/campaign/ACC/workflow/using/task","3625b8e4-8243-4871-948e-2aa3ac2bb6d4","ACC/workflow/using/task.md"
"/content/help/en/campaign/ACC/workflow/using/sub-workflow","d7322472-2e17-4bea-bff7-f2456e5ac682","ACC/workflow/using/sub-workflow.md"
"/content/help/en/campaign/ACC/workflow/using/scheduler","e7f535a0-e429-46b9-9097-677fdcc49b77","ACC/workflow/using/scheduler.md"
"/content/help/en/campaign/ACC/workflow/using/file-transfer","07cd2397-ea7e-4cd4-a4ff-f65e17ba1603","ACC/workflow/using/file-transfer.md"
"/content/help/en/campaign/ACC/workflow/using/workflow-best-practices","049b1a44-6ec0-4089-baf2-d750d17dfe0c","ACC/workflow/using/workflow-best-practices.md"
"/content/help/en/campaign/ACC/workflow/using/web-download","7bbd3e1f-5eb9-4284-adf9-11203a746daa","ACC/workflow/using/web-download.md"
"/content/help/en/campaign/ACC/workflow/using/continuous-delivery","3dd7c8fc-4bf8-4004-9d32-33c63cbe2f68","ACC/workflow/using/continuous-delivery.md"
"/content/help/en/campaign/ACC/workflow/using/list-update","842dc2ca-b5ef-4122-9082-083af9aee773","ACC/workflow/using/list-update.md"
"/content/help/en/campaign/ACC/workflow/using/using-the-local-approval-activity","db1d2b96-9797-480d-8a58-10c9071e7551","ACC/workflow/using/using-the-local-approval-activity.md"
"/content/help/en/campaign/ACC/workflow/using/incremental-query","2621ec1d-062e-4ea6-9e61-0873e914d657","ACC/workflow/using/incremental-query.md"
"/content/help/en/campaign/ACC/workflow/using/delivery","8dd4c9d2-407a-44ac-a6c6-1c96b101e4d6","ACC/workflow/using/delivery.md"
"/content/help/en/campaign/ACC/workflow/using/edit-schema","50b7491b-d7ff-42e2-af18-2f0bf8a0132f","ACC/workflow/using/edit-schema.md"
"/content/help/en/campaign/ACC/workflow/using/sql-data-management","f167d6bd-09db-4db6-868d-09c66e2537f1","ACC/workflow/using/sql-data-management.md"
"/content/help/en/campaign/ACC/workflow/using/data-loading--rdbms-","e6492710-16a1-435f-8d16-a2382169b9c0","ACC/workflow/using/data-loading--rdbms-.md"
"/content/help/en/campaign/ACC/workflow/using/crm-connector","57db2473-4dd7-44f7-af0a-adcb227bd312","ACC/workflow/using/crm-connector.md"
"/content/help/en/campaign/ACC/workflow/using/jump--start-point-and-end-point-","041223c4-e1f7-4c44-9007-5bebba20fcca","ACC/workflow/using/jump--start-point-and-end-point-.md"
"/content/help/en/campaign/ACC/workflow/using/cross-channel-deliveries","e1bf95f8-0b2f-4f63-ad51-7c9d9dd2fb45","ACC/workflow/using/cross-channel-deliveries.md"
"/content/help/en/campaign/ACC/workflow/using/start-and-end","e4378d97-c3a9-4f7e-bd8e-53912e08daf8","ACC/workflow/using/start-and-end.md"
"/content/help/en/campaign/ACC/workflow/using/nlserver-module","4779133e-ddb4-48ed-a3a1-328ea3ba43fb","ACC/workflow/using/nlserver-module.md"
"/content/help/en/campaign/ACC/workflow/using/executing-a-workflow","a9eadd89-b6fa-43a8-866a-9260f29217be","ACC/workflow/using/executing-a-workflow.md"
"/content/help/en/campaign/ACC/workflow/using/intersection","a87546ea-fc3d-473e-b012-5e707f627f50","ACC/workflow/using/intersection.md"
"/content/help/en/campaign/ACC/workflow/using/delivery-outline","d24d4c91-0990-4af1-9089-eeb253c057ca","ACC/workflow/using/delivery-outline.md"
"/content/help/en/campaign/ACC/workflow/using/enrichment","779a05fe-a106-48eb-a073-a21e24f08e70","ACC/workflow/using/enrichment.md"
"/content/help/en/campaign/ACC/workflow/using/fork","7ca9d66d-3af9-4f1c-9f1f-2996fc9f7edd","ACC/workflow/using/fork.md"
"/content/help/en/campaign/ACC/workflow/using/time-constraint","8f30f779-eaae-42af-a56c-8cf552c1eca4","ACC/workflow/using/time-constraint.md"
"/content/help/en/campaign/ACC/workflow/using/offers-by-cell","78af5ab2-d684-42b8-affe-738e51a781a2","ACC/workflow/using/offers-by-cell.md"
"/content/help/en/campaign/ACC/workflow/using/about-action-activities","6c92445b-a533-4891-832b-2dc6886c7d25","ACC/workflow/using/about-action-activities.md"
"/content/help/en/campaign/ACC/workflow/using/alert","28eb9ce5-bf03-4539-9563-d57959acf99f","ACC/workflow/using/alert.md"
"/content/help/en/campaign/ACC/workflow/using/cells","34772cd0-202c-4b2e-aca3-5f0f920f86cc","ACC/workflow/using/cells.md"
"/content/help/en/campaign/ACC/workflow/using/delivery-control","fbf32368-437a-4251-adf5-e5d493c65df8","ACC/workflow/using/delivery-control.md"
"/content/help/en/campaign/ACC/workflow/using/query","b5db7cb3-20e8-4dd9-bfed-a5ee8f5a07e3","ACC/workflow/using/query.md"
"/content/help/en/campaign/ACC/workflow/using/microsoft-crm--salesforce--oracle-crm-on-demand","6b92be33-2d4c-429f-9ce9-a7de990550d4","ACC/workflow/using/microsoft-crm--salesforce--oracle-crm-on-demand.md"
"/content/help/en/campaign/ACC/workflow/using/split","31f55dca-571e-4c8a-97a7-ea5afb7e57ca","ACC/workflow/using/split.md"
"/content/help/en/campaign/ACC/workflow/using/file-collector","9dea1253-16c5-4901-8781-58dd00bb8d09","ACC/workflow/using/file-collector.md"
"/content/help/en/campaign/ACC/workflow/using/inbound-emails","056c5c4e-f2b9-435d-9b3d-54e2bbccc4de","ACC/workflow/using/inbound-emails.md"
"/content/help/en/campaign/ACC/workflow/using/exclusion","cb9cd0d0-08d5-4a00-9439-496a56f2b027","ACC/workflow/using/exclusion.md"
"/content/help/en/campaign/ACC/workflow/using/wait","1196baf3-0eb3-42ee-a95b-436c76389d65","ACC/workflow/using/wait.md"
"/content/help/en/campaign/ACC/workflow/using/change-dimension","43e81281-c9df-4cd6-919c-bd56d082cd69","ACC/workflow/using/change-dimension.md"
"/content/help/en/campaign/ACC/workflow/using/local-approval","45034009-ab53-4410-a877-ae3ff8669bde","ACC/workflow/using/local-approval.md"
"/content/help/en/campaign/ACC/workflow/using/test","b2ae2875-8c86-432d-a409-549c9f3f7917","ACC/workflow/using/test.md"
"/content/help/en/campaign/ACC/workflow/using/union","0380d297-fdc3-4d7b-8046-8128f60abc31","ACC/workflow/using/union.md"
"/content/help/en/campaign/ACC/workflow/using/and-join","9ee54176-eaf6-45e9-b2c8-10b33b0a6c68","ACC/workflow/using/and-join.md"
"/content/help/en/campaign/ACC/workflow/using/import-and-export--v4-compatibility-","f1568c5c-f42a-4a01-8010-2369904a6f63","ACC/workflow/using/import-and-export--v4-compatibility-.md"
"/content/help/en/campaign/ACC/workflow/using/how-to-use-workflow-data","e98c1b5a-e814-4470-843f-9ed10da1e3af","ACC/workflow/using/how-to-use-workflow-data.md"
"/content/help/en/campaign/ACC/workflow/using/data-loading--file-","72a04415-b4c4-4ac8-bb14-92a873ba4a26","ACC/workflow/using/data-loading--file-.md"
"/content/help/en/campaign/ACC/workflow/using/about-event-activities","9f8258c4-209a-438d-b44f-5367a66389e2","ACC/workflow/using/about-event-activities.md"
"/content/help/en/campaign/ACC/workflow/using/read-list","1523664e-0b75-4410-b490-9e4c02aefccf","ACC/workflow/using/read-list.md"
"/content/help/en/campaign/ACC/workflow/using/content-management","08e79151-b906-44a9-9307-d4e9aca47a96","ACC/workflow/using/content-management.md"
"/content/help/en/campaign/ACC/workflow/using/recurring-delivery","50293988-e49f-41a1-9fcb-8ae7a3b732c6","ACC/workflow/using/recurring-delivery.md"
"/content/help/en/campaign/ACC/workflow/using/offer-engine","6f2f57f8-7df8-437d-b7cf-7d8b2eb4cb49","ACC/workflow/using/offer-engine.md"
"/content/help/en/campaign/ACC/workflow/using/update-aggregate","04414e14-ed63-4165-8125-042d8fc902f4","ACC/workflow/using/update-aggregate.md"
"/content/help/en/campaign/ACC/workflow/using/external-signal","b9e4b66f-7a26-4fd0-b25c-42a61f8ca4d4","ACC/workflow/using/external-signal.md"
"/content/help/en/campaign/ACC/workflow/using/loading--soap-","22e0dcca-f50a-4985-94d2-eac628ce0282","ACC/workflow/using/loading--soap-.md"
"/content/help/en/campaign/ACC/workflow/using/approval","3180af5e-871f-411e-a61e-c2ad415eaa10","ACC/workflow/using/approval.md"
"/content/help/en/campaign/ACC/workflow/using/inbound-sms","b9eca84b-3767-4e57-bda8-dd2566b6bb14","ACC/workflow/using/inbound-sms.md"
"/content/help/en/campaign/ACC/workflow/using/extraction--file-","424d278c-db45-4eb1-960b-02709bf5b295","ACC/workflow/using/extraction--file-.md"
"/content/help/en/campaign/ACC/workflow/using/about-flow-control-activities","02e975b9-9be5-4844-b859-2644b4eb8562","ACC/workflow/using/about-flow-control-activities.md"
"/content/help/en/campaign/ACC/workflow/using/update-data","52f13d90-e860-4e6d-99aa-4c1ccb084fb1","ACC/workflow/using/update-data.md"
"/content/help/en/campaign/ACC/interaction/using/distributed-architectures","acdc83a8-7b88-421a-9527-88891ab887c7","ACC/interaction/using/distributed-architectures.md"
"/content/help/en/campaign/ACC/interaction/using/about-inbound-channels","7bc66c10-1e7f-4639-851d-4b015a6d8a87","ACC/interaction/using/about-inbound-channels.md"
"/content/help/en/campaign/ACC/interaction/using/hooks","82a712c2-edbc-43ac-8b19-82675598e457","ACC/interaction/using/hooks.md"
"/content/help/en/campaign/ACC/interaction/using/offers-on-an-inbound-channel","3c7d9a9c-f3c1-4bff-a8d3-cbffe08ad23a","ACC/interaction/using/offers-on-an-inbound-channel.md"
"/content/help/en/campaign/ACC/interaction/using/integration-via-javascript--client-side-","7fdbf3aa-e39d-4d01-9ee8-bac1b47ba547","ACC/interaction/using/integration-via-javascript--client-side-.md"
"/content/help/en/campaign/ACC/interaction/using/additional-data","f35495a2-4a06-40f6-9e2f-467346beaab6","ACC/interaction/using/additional-data.md"
"/content/help/en/campaign/ACC/interaction/using/using-advanced-parameters","3317089d-aa43-4166-8263-de5408052a1e","ACC/interaction/using/using-advanced-parameters.md"
"/content/help/en/campaign/ACC/interaction/using/creating-a-test-environment","5ac39db8-1c12-4f0e-878e-04f3cae5a07c","ACC/interaction/using/creating-a-test-environment.md"
"/content/help/en/campaign/ACC/interaction/using/offer-analysis-report","d93e177a-fb10-4cd8-95b8-e54cbb9abab3","ACC/interaction/using/offer-analysis-report.md"
"/content/help/en/campaign/ACC/interaction/using/data-buffer-zone","15e7e44c-414d-412b-8bda-bbecea49da99","ACC/interaction/using/data-buffer-zone.md"
"/content/help/en/campaign/ACC/interaction/using/anonymous-interactions","c2c71d3d-cc53-469a-83f5-76fbc8658a97","ACC/interaction/using/anonymous-interactions.md"
"/content/help/en/campaign/ACC/interaction/using/integration-via-soap--server-side-","b67a8b0e-463b-44fd-87ad-5dc242cd10a5","ACC/interaction/using/integration-via-soap--server-side-.md"
"/content/help/en/campaign/ACC/interaction/using/extension-example","6e5def9b-4f5b-4e0c-8bf5-20d5aa121220","ACC/interaction/using/extension-example.md"
"/content/help/en/campaign/ACC/interaction/using/offers-on-an-outbound-channel","e26af095-a8c8-4bd0-b610-bd4dc4b1d575","ACC/interaction/using/offers-on-an-outbound-channel.md"
"/content/help/en/campaign/ACC/interaction/using/offer-proposition-history","b35006f1-7bf5-4cbc-bd7d-e9215df984f7","ACC/interaction/using/offer-proposition-history.md"
"/content/help/en/campaign/ACC/interaction/using/presentation-rules","bda0c363-6c38-43bb-8862-0f25d81affe3","ACC/interaction/using/presentation-rules.md"
"/content/help/en/campaign/ACC/delivery/using/conditional-content","a62d4bef-3795-461f-ab78-2878a688e078","ACC/delivery/using/conditional-content.md"
"/content/help/en/campaign/ACC/delivery/using/validating","44ab6161-e05e-476b-9360-576027731f49","ACC/delivery/using/validating.md"
"/content/help/en/campaign/ACC/delivery/using/inbox-rendering","6e4c2db7-339f-4fef-a9a1-edc3c00fede7","ACC/delivery/using/inbox-rendering.md"
"/content/help/en/campaign/ACC/delivery/using/about-deliverability","c0aef30d-a8f3-4033-8d1e-543e7482581d","ACC/delivery/using/about-deliverability.md"
"/content/help/en/campaign/ACC/delivery/using/attaching-files","71d96066-009d-4409-b3f6-bfae38dbc4b7","ACC/delivery/using/attaching-files.md"
"/content/help/en/campaign/ACC/delivery/using/understanding-delivery-failures","3ba36bb9-3d26-429f-9ee1-8ed3755041f6","ACC/delivery/using/understanding-delivery-failures.md"
"/content/help/en/campaign/ACC/delivery/using/about-seed-addresses","4842e150-d607-497a-b570-f96debbe6bce","ACC/delivery/using/about-seed-addresses.md"
"/content/help/en/campaign/ACC/delivery/using/technical-recommendations","274acfc6-389f-42f8-a1af-a2d8acda9c7d","ACC/delivery/using/technical-recommendations.md"
"/content/help/en/campaign/ACC/delivery/using/formatting","c5e79810-089b-4da5-b8a4-c480be942f2e","ACC/delivery/using/formatting.md"
"/content/help/en/campaign/ACC/delivery/using/about-personalization","413c2cdc-dc42-44f8-862f-7b8b4dc19061","ACC/delivery/using/about-personalization.md"
"/content/help/en/campaign/ACC/delivery/using/implementation","2884d586-4333-47dc-994d-2c11edfae714","ACC/delivery/using/implementation.md"
"/content/help/en/campaign/ACC/delivery/using/personalization-fields","3aba6b9a-74d1-4e76-9e7f-4cff164d7d30","ACC/delivery/using/personalization-fields.md"
"/content/help/en/campaign/ACC/delivery/using/sending-the-delivery","3d4863c4-4d66-4b9c-a23d-dd73c12e0dee","ACC/delivery/using/sending-the-delivery.md"
"/content/help/en/campaign/ACC/delivery/using/using-an-external-recipient-table","b2b011b9-225c-4119-af14-971b3b5d486a","ACC/delivery/using/using-an-external-recipient-table.md"
"/content/help/en/campaign/ACC/delivery/using/defining-the-target-population","7b8a293d-61ad-4991-97d0-962a58476bd3","ACC/delivery/using/defining-the-target-population.md"
"/content/help/en/campaign/ACC/delivery/using/sending-messages","111470bb-3cf8-45a8-be95-d47b1476b9f3","ACC/delivery/using/sending-messages.md"
"/content/help/en/campaign/ACC/delivery/using/publication-templates","4cec4607-c0c2-4012-8f92-b744fe491a5f","ACC/delivery/using/publication-templates.md"
"/content/help/en/campaign/ACC/delivery/using/personalizing-url-tracking","3787139e-9ac0-47f7-b3f7-726e7990628c","ACC/delivery/using/personalizing-url-tracking.md"
"/content/help/en/campaign/ACC/delivery/using/content-manager-resources-and-principles","23326850-2456-4790-8776-1ed685219605","ACC/delivery/using/content-manager-resources-and-principles.md"
"/content/help/en/campaign/ACC/delivery/using/personalization-blocks","39d2eece-1648-4613-84ac-72959b84bc7b","ACC/delivery/using/personalization-blocks.md"
"/content/help/en/campaign/ACC/delivery/using/understanding-quarantine-management","a7af4267-146c-4a23-adce-2456bd712f70","ACC/delivery/using/understanding-quarantine-management.md"
"/content/help/en/campaign/ACC/delivery/using/about-email-channel","d0a2517c-1305-4ab8-8da8-5a1025d79417","ACC/delivery/using/about-email-channel.md"
"/content/help/en/campaign/ACC/delivery/using/identifying-target-populations","e50c443e-84d9-48e5-92b1-41c0b92562dd","ACC/delivery/using/identifying-target-populations.md"
"/content/help/en/campaign/ACC/delivery/using/about-templates","929e47cf-c998-49a0-b452-3279632c9e34","ACC/delivery/using/about-templates.md"
"/content/help/en/campaign/ACC/delivery/using/communication-channels","c4848c49-c0fb-448f-80a7-a1692189badf","ACC/delivery/using/communication-channels.md"
"/content/help/en/campaign/ACC/delivery/using/about-mobile-app-channel","bc203e9c-258f-4344-a52f-7bca0b24e274","ACC/delivery/using/about-mobile-app-channel.md"
"/content/help/en/campaign/ACC/delivery/using/use-case--creating-content-management","718ce349-0d84-49ec-8e81-7095dc2b9a7a","ACC/delivery/using/use-case--creating-content-management.md"
"/content/help/en/campaign/ACC/delivery/using/types-of-deliveries","6c08936c-04cf-484a-a1bc-b3191743fcd5","ACC/delivery/using/types-of-deliveries.md"
"/content/help/en/campaign/ACC/delivery/using/inserting-a-barcode-in-an-email","01d7664c-a1c1-41b6-90ed-38e7086274e1","ACC/delivery/using/inserting-a-barcode-in-an-email.md"
"/content/help/en/campaign/ACC/delivery/using/about-services-and-subscriptions","97af6197-0c28-40d0-b412-4eb49e77ccc5","ACC/delivery/using/about-services-and-subscriptions.md"
"/content/help/en/campaign/ACC/delivery/using/line-channel","9bee156a-6120-4d48-909c-2a2ef6552fdb","ACC/delivery/using/line-channel.md"
"/content/help/en/campaign/ACC/delivery/using/configuration","f398769a-a928-4c5b-9648-edcbae5f4358","ACC/delivery/using/configuration.md"
"/content/help/en/campaign/ACC/delivery/using/testing-tracking","9a4e3106-9eb2-42ff-aa56-30cfc4d50980","ACC/delivery/using/testing-tracking.md"
"/content/help/en/campaign/ACC/delivery/using/about-direct-mail-channel","eaa1dd1a-ec67-476f-8578-70c5b9338a27","ACC/delivery/using/about-direct-mail-channel.md"
"/content/help/en/campaign/ACC/delivery/using/creating-a-delivery-from-a-template","15b3ea09-c92b-41fc-a57e-692ee1ad0a20","ACC/delivery/using/creating-a-delivery-from-a-template.md"
"/content/help/en/campaign/ACC/delivery/using/use-case--configuring-the-field-substitution","db58664d-9af6-4735-9dd2-80ec7ac596f1","ACC/delivery/using/use-case--configuring-the-field-substitution.md"
"/content/help/en/campaign/ACC/delivery/using/creating-seed-addresses","a76b23a3-b9eb-485e-9b88-3271ed5674a8","ACC/delivery/using/creating-seed-addresses.md"
"/content/help/en/campaign/ACC/delivery/using/about-message-tracking","d792f307-30fb-4e57-9bb8-174a1aa83a38","ACC/delivery/using/about-message-tracking.md"
"/content/help/en/campaign/ACC/delivery/using/accessing-deliveries-information","473a1978-7b54-4eb3-9cfa-c7b51a786c73","ACC/delivery/using/accessing-deliveries-information.md"
"/content/help/en/campaign/ACC/delivery/using/setting-up-mobile-app-channel","caab0eff-a028-4d1f-a67f-11a85c0304a5","ACC/delivery/using/setting-up-mobile-app-channel.md"
"/content/help/en/campaign/ACC/delivery/using/defining-the-direct-mail-content","d29d8962-435c-4737-8c75-14b91fdc31e0","ACC/delivery/using/defining-the-direct-mail-content.md"
"/content/help/en/campaign/ACC/delivery/using/inbox-monitoring","7aefe35e-e74a-45b4-a03b-dc8860304165","ACC/delivery/using/inbox-monitoring.md"
"/content/help/en/campaign/ACC/delivery/using/technical-monitoring","b2453827-73bf-4852-8029-8e234b7bd2e0","ACC/delivery/using/technical-monitoring.md"
"/content/help/en/campaign/ACC/delivery/using/creating-a-delivery-template","7d5b919f-a6b4-44f4-945a-45defa14610b","ACC/delivery/using/creating-a-delivery-template.md"
"/content/help/en/campaign/ACC/delivery/using/using-a-content-template","e24d4d4e-396e-41e5-9001-d290f8605654","ACC/delivery/using/using-a-content-template.md"
"/content/help/en/campaign/ACC/delivery/using/input-forms","b34dcfa2-67a0-4038-a7d0-a0bd74e70a8d","ACC/delivery/using/input-forms.md"
"/content/help/en/campaign/ACC/delivery/using/blacklisting-databases","8d8e565e-efa6-4e4a-8da2-46c34f92b87c","ACC/delivery/using/blacklisting-databases.md"
"/content/help/en/campaign/ACC/delivery/using/sms-channel","cf972feb-e02d-494a-bb16-986a9dab8f4b","ACC/delivery/using/sms-channel.md"
"/content/help/en/campaign/ACC/delivery/using/use-case--selecting-seed-addresses-on-criteria","9f0441e9-847c-448b-8f8f-f1b63cd98d83","ACC/delivery/using/use-case--selecting-seed-addresses-on-criteria.md"
"/content/help/en/campaign/ACC/delivery/using/enriching-content","ebfc0a42-bc9e-4f3c-80f5-641b69d7da78","ACC/delivery/using/enriching-content.md"
"/content/help/en/campaign/ACC/delivery/using/about-content-management","ca46d5c8-4f67-4c2b-8876-f99499fc47dc","ACC/delivery/using/about-content-management.md"
"/content/help/en/campaign/ACC/delivery/using/monitoring-a-delivery","49e6fa99-8d1f-4650-9a66-7b57a360f92f","ACC/delivery/using/monitoring-a-delivery.md"
"/content/help/en/campaign/ACC/delivery/using/generating-personalized-pdf-documents","5f7d589e-457b-41e8-aa74-af8d7bcdbf11","ACC/delivery/using/generating-personalized-pdf-documents.md"
"/content/help/en/campaign/ACC/delivery/using/creating-an-email-delivery","4148051f-2046-428e-817d-753df7c152b5","ACC/delivery/using/creating-an-email-delivery.md"
"/content/help/en/campaign/ACC/delivery/using/other-channels","d339420c-1305-4e7d-a1e8-200a5e27504d","ACC/delivery/using/other-channels.md"
"/content/help/en/campaign/ACC/delivery/using/spamassassin","c4926123-10e7-46e5-a3ad-ce8d5229adbe","ACC/delivery/using/spamassassin.md"
"/content/help/en/campaign/ACC/delivery/using/automating-via-workflows","d6e41a9c-b4f0-403e-9ce7-22fda01b4a42","ACC/delivery/using/automating-via-workflows.md"
"/content/help/en/campaign/ACC/delivery/using/managing-subscriptions","049f5973-1968-4c8f-998c-09b2698d4b8d","ACC/delivery/using/managing-subscriptions.md"
"/content/help/en/campaign/ACC/delivery/using/personalized-coupons","696286b0-932f-4883-ac5b-0c12b7c1f947","ACC/delivery/using/personalized-coupons.md"
"/content/help/en/campaign/ACC/delivery/using/adding-seed-addresses","32f85f48-d131-4502-a36a-6777b1560013","ACC/delivery/using/adding-seed-addresses.md"
"/content/help/en/campaign/ACC/delivery/using/defining-the-email-content","bca91e0e-1df4-4e65-9d1c-3eafb9068fea","ACC/delivery/using/defining-the-email-content.md"
"/content/help/en/campaign/ACC/delivery/using/data-schemas","ef7e4468-aac7-4ddd-84e0-eb7a437ef3c6","ACC/delivery/using/data-schemas.md"
"/content/help/en/campaign/ACC/delivery/using/troubleshooting","f2664084-35ed-4a1e-bb48-0c8807094619","ACC/delivery/using/troubleshooting.md"
"/content/help/en/campaign/ACC/delivery/using/key-steps-when-creating-a-delivery","46d4cb21-6118-4f3b-a29f-dcf30bd5cd20","ACC/delivery/using/key-steps-when-creating-a-delivery.md"
"/content/help/en/campaign/ACC/delivery/using/accessing-the-tracking-logs","04a08501-ddba-4d8b-9b0d-5b26486bd3ce","ACC/delivery/using/accessing-the-tracking-logs.md"
"/content/help/en/campaign/ACC/delivery/using/creating-a-direct-mail-delivery","6d59b81e-0b0a-4c06-98de-69ddd231cad6","ACC/delivery/using/creating-a-direct-mail-delivery.md"
"/content/help/en/campaign/ACC/delivery/using/selecting-a-target-mapping","3c422b87-2115-499e-9de7-a53443e70803","ACC/delivery/using/selecting-a-target-mapping.md"
"/content/help/en/campaign/ACC/delivery/using/viral-and-social-marketing","32df7ae8-3d31-4482-b7b6-5f22ec580646","ACC/delivery/using/viral-and-social-marketing.md"
"/content/help/en/campaign/ACC/delivery/using/creating-notifications","26189c3e-f1bc-4556-9790-9d480f3d3f39","ACC/delivery/using/creating-notifications.md"
"/content/help/en/campaign/ACC/delivery/using/how-to-configure-tracked-links","cc1d063e-8916-4d8b-8ccc-c78e0851e23e","ACC/delivery/using/how-to-configure-tracked-links.md"
"/content/help/en/campaign/ACC/installation/using/about-hybrid-and-hosted-models","1d99d1fd-f828-40f2-8a63-6f3f74bca6f2","ACC/installation/using/about-hybrid-and-hosted-models.md"
"/content/help/en/campaign/ACC/installation/using/standalone-deployment","66c11a16-d6a2-47b6-93bf-81802bc2b1ed","ACC/installation/using/standalone-deployment.md"
"/content/help/en/campaign/ACC/installation/using/hosted-model","3528c676-b448-42d3-a364-8715f09dbd85","ACC/installation/using/hosted-model.md"
"/content/help/en/campaign/ACC/installation/using/general-architecture","94283cf5-8e4a-4e79-914f-e3a0b5823b06","ACC/installation/using/general-architecture.md"
"/content/help/en/campaign/ACC/installation/using/database","4bd88db4-38e6-43ba-a609-ba88d6a8b571","ACC/installation/using/database.md"
"/content/help/en/campaign/ACC/installation/using/hosting-models","d7b02987-a39e-4356-a914-0d240e82fe71","ACC/installation/using/hosting-models.md"
"/content/help/en/campaign/ACC/installation/using/hybrid-model","e664a2be-2833-4e9a-8f96-4f42e0077036","ACC/installation/using/hybrid-model.md"
"/content/help/en/campaign/ACC/installation/using/before-starting","b8383fba-5055-4676-b4aa-5e266e4c0cab","ACC/installation/using/before-starting.md"
"/content/help/en/campaign/ACC/installation/using/about-deployment-types","0742ae53-62e8-4106-abc8-ae6ab9fa009f","ACC/installation/using/about-deployment-types.md"
"/content/help/en/campaign/ACC/installation/using/network-configuration","1d776c4a-a9fd-4490-af95-f50152eacec3","ACC/installation/using/network-configuration.md"
"/content/help/en/campaign/ACC/installation/using/before-reading","336deccb-3b20-4ad4-a871-322ffb421721","ACC/installation/using/before-reading.md"
"/content/help/en/campaign/ACC/installation/using/application-server","bb076c2b-a31a-4f11-926c-1278f3363767","ACC/installation/using/application-server.md"
"/content/help/en/campaign/ACC/installation/using/messaging-server","c074d372-c111-4035-bb33-3d83b7bcf9c3","ACC/installation/using/messaging-server.md"
"/content/help/en/campaign/ACC/installation/using/standard-deployment","62e8e2c4-714f-4449-881b-75062eb9f51a","ACC/installation/using/standard-deployment.md"
"/content/help/en/campaign/ACC/installation/using/installing-packages-with-linux","adf92575-2bce-4212-883e-e94a8e93d178","ACC/installation/using/installing-packages-with-linux.md"
"/content/help/en/campaign/ACC/installation/using/email-deliverability","2603fcde-ef0a-4714-a8d3-a45750a7e28d","ACC/installation/using/email-deliverability.md"
"/content/help/en/campaign/ACC/installation/using/configuring-spamassassin","02ad988c-f325-44d5-9afb-23a56a77e177","ACC/installation/using/configuring-spamassassin.md"
"/content/help/en/campaign/ACC/installation/using/mid-sourcing-server","3169acdf-b801-4187-8978-141159bc11b8","ACC/installation/using/mid-sourcing-server.md"
"/content/help/en/campaign/ACC/installation/using/installing-the-client-console","96b6cb65-6469-46d1-9cdb-92d3bf0e4681","ACC/installation/using/installing-the-client-console.md"
"/content/help/en/campaign/ACC/installation/using/power-booster-and-power-cluster","b2185116-2301-404d-885f-5f08b2c911a3","ACC/installation/using/power-booster-and-power-cluster.md"
"/content/help/en/campaign/ACC/installation/using/the-server-configuration-file","3c2aae56-3fc3-482e-8e16-529c9b6359b3","ACC/installation/using/the-server-configuration-file.md"
"/content/help/en/campaign/ACC/installation/using/mid-sourcing-deployment","df4dc4aa-7319-49d4-879c-df7fdd937f74","ACC/installation/using/mid-sourcing-deployment.md"
"/content/help/en/campaign/ACC/installation/using/integration-into-a-web-server-for-windows","42e36f2c-ca69-4cad-98f4-969cdd399071","ACC/installation/using/integration-into-a-web-server-for-windows.md"
"/content/help/en/campaign/ACC/installation/using/prerequisites-of-campaign-installation-in-linux","ae4197e5-5ae4-4216-be70-d0ac5f405be9","ACC/installation/using/prerequisites-of-campaign-installation-in-linux.md"
"/content/help/en/campaign/ACC/installation/using/configuring-campaign-options","8e28e65d-3e44-4b8f-84a3-5e62c91e646d","ACC/installation/using/configuring-campaign-options.md"
"/content/help/en/campaign/ACC/installation/using/creating-an-instance-and-logging-on","3ead1d8e-e453-425a-8db0-4b070929c8a0","ACC/installation/using/creating-an-instance-and-logging-on.md"
"/content/help/en/campaign/ACC/installation/using/prerequisites-of-campaign-installation-in-windows","6f1974b3-4704-4ee0-99c2-dd48b26cb8cd","ACC/installation/using/prerequisites-of-campaign-installation-in-windows.md"
"/content/help/en/campaign/ACC/installation/using/command-lines","ffc691dd-de49-4c82-8307-9e7a2cd11c0b","ACC/installation/using/command-lines.md"
"/content/help/en/campaign/ACC/installation/using/deploying-an-instance","b08205ba-c6c6-42f1-b4fa-529c8a83d78b","ACC/installation/using/deploying-an-instance.md"
"/content/help/en/campaign/ACC/installation/using/client-console-availability-for-windows","9825f074-3c5c-409e-9823-e9daec562ac1","ACC/installation/using/client-console-availability-for-windows.md"
"/content/help/en/campaign/ACC/installation/using/client-console-availability-for-linux","8cdd3183-1585-4f33-aa72-f1527db79cdb","ACC/installation/using/client-console-availability-for-linux.md"
"/content/help/en/campaign/ACC/installation/using/uninstalling-campaign","fe36ba48-9008-44af-9a93-c55a09e7d476","ACC/installation/using/uninstalling-campaign.md"
"/content/help/en/campaign/ACC/installation/using/integration-into-a-web-server-for-linux","f1651347-ab00-4865-b772-2e98f94fe555","ACC/installation/using/integration-into-a-web-server-for-linux.md"
"/content/help/en/campaign/ACC/installation/using/about-initial-configuration","2864492a-55b3-49d4-bef3-1965fdb23c0f","ACC/installation/using/about-initial-configuration.md"
"/content/help/en/campaign/ACC/installation/using/campaign-server-configuration","9ca53353-1f65-4a81-8dc6-0f6cab2c13c5","ACC/installation/using/campaign-server-configuration.md"
"/content/help/en/campaign/ACC/installation/using/time-zone-management","5b086e02-2a3a-4d39-ab88-ed28e0bd1047","ACC/installation/using/time-zone-management.md"
"/content/help/en/campaign/ACC/installation/using/connecting-through-ldap","291d0033-5160-47db-8ab8-c1b8186bcbbe","ACC/installation/using/connecting-through-ldap.md"
"/content/help/en/campaign/ACC/installation/using/enterprise-deployment","1dea192e-fd97-4fdd-a2a5-30169ba12104","ACC/installation/using/enterprise-deployment.md"
"/content/help/en/campaign/ACC/installation/using/creating-and-configuring-the-database","004186c7-78e7-43b7-a783-2dd32675a90b","ACC/installation/using/creating-and-configuring-the-database.md"
"/content/help/en/campaign/ACC/installation/using/configuring-campaign-server","939499d2-123f-4fc7-848a-19c6dd14bdac","ACC/installation/using/configuring-campaign-server.md"
"/content/help/en/campaign/ACC/installation/using/installing-the-server","bbb5f90b-30fa-445c-a490-2c3758e1bf54","ACC/installation/using/installing-the-server.md"
"/content/help/en/campaign/ACC/installation/using/email-archiving","23595c4a-438e-4993-97b0-a8a5123f5ff6","ACC/installation/using/email-archiving.md"
"/content/help/en/campaign/ACC/installation/using/creating-new-instances","5aa15fee-e11f-4cf0-b1da-6e2d443ed203","ACC/installation/using/creating-new-instances.md"
"/content/help/en/campaign/ACC/installation/using/interaction---data-buffer","23e5c040-6526-4b24-8a07-01d571dfe07b","ACC/installation/using/interaction---data-buffer.md"
"/content/help/en/campaign/ACC/installation/using/installing-campaign-standard-packages","9a7da11a-2811-49b0-b759-9091569261f5","ACC/installation/using/installing-campaign-standard-packages.md"
"/content/help/en/campaign/ACC/reporting/using/about-campaign-built-in-reports","12d180f6-189e-477a-8a6a-c94f07ace520","ACC/reporting/using/about-campaign-built-in-reports.md"
"/content/help/en/campaign/ACC/reporting/using/analyzing-needs","55045154-2116-4ae6-bd71-358da3accd3f","ACC/reporting/using/analyzing-needs.md"
"/content/help/en/campaign/ACC/reporting/using/about-adobe-campaign-reporting-tools","d10bcc1d-3f36-4936-929e-02530e0594fe","ACC/reporting/using/about-adobe-campaign-reporting-tools.md"
"/content/help/en/campaign/ACC/reporting/using/optimizing-report-creation","975b0a9a-b88d-4555-baed-e3d43f68ce3a","ACC/reporting/using/optimizing-report-creation.md"
"/content/help/en/campaign/ACC/reporting/using/accessing-reports","1a33c476-fca8-466e-9f5a-184e8c3f80fe","ACC/reporting/using/accessing-reports.md"
"/content/help/en/campaign/ACC/workflow/using/message-center--control-","7a300f52-956c-49d3-b5ec-96b42fec5ea5","ACC/workflow/using/message-center--control-.md"
"/content/help/en/campaign/ACC/configuration/using/web-tracking-tag--definition","d3446267-4a55-47d3-baf5-11efdf203567","ACC/configuration/using/web-tracking-tag--definition.md"
